"","loyallocal","mean_pcelocal","mean_pcesociety"
"1",0,5.26150392817059,4.86083052749719
"2",1,5.63516483516484,5.42197802197802
